<?xml version="1.0"?>
<Biblioteka xmlns:typy="http://www.example.org/typy">
  <OpisDokumentu>
    <TytułDokumentu> Dokument przedstawia zestawienie książek z domowej biblioteki </TytułDokumentu>
    <Autorzy>
      <AutorDokumentu Indeks="210346">
        <ImięAutora>Piotr</ImięAutora>
        <NazwiskoAutora>Wasiak</NazwiskoAutora>
      </AutorDokumentu>
      <AutorDokumentu Indeks="210238">
        <ImięAutora>Mateusz</ImięAutora>
        <NazwiskoAutora>Kubicki</NazwiskoAutora>
      </AutorDokumentu>
    </Autorzy>
  </OpisDokumentu>
  <AutorzyKsiążek>
    <Autor Id="a1">
      <Imię>J. K.</Imię>
      <Nazwisko>Rowling</Nazwisko>
      <DataUrodzenia>2004-01-31</DataUrodzenia>
      <MiejsceUrodzenia>Wielka Brytania</MiejsceUrodzenia>
    </Autor>
    <Autor Id="a2">
      <Imię>Peter</Imię>
      <Nazwisko>Brett</Nazwisko>
      <DataUrodzenia>1973-02-08</DataUrodzenia>
      <MiejsceUrodzenia>USA</MiejsceUrodzenia>
    </Autor>
    <Autor Id="a3">
      <Imię>Christopher</Imię>
      <Nazwisko>Paolini Testowy</Nazwisko>
      <DataUrodzenia>1983-11-17</DataUrodzenia>
      <MiejsceUrodzenia>USA</MiejsceUrodzenia>
    </Autor>
    <Autor Id="a4">
      <Imię>Jo</Imię>
      <Nazwisko>Nesbo-Myślnikowy</Nazwisko>
      <DataUrodzenia>1960-03-29</DataUrodzenia>
      <MiejsceUrodzenia>Norwegia</MiejsceUrodzenia>
    </Autor>
    <Autor Id="a5">
      <Imię>Camilla</Imię>
      <Nazwisko>Lackberg</Nazwisko>
      <DataUrodzenia>1974-07-30</DataUrodzenia>
      <MiejsceUrodzenia>Szwecja</MiejsceUrodzenia>
    </Autor>
    <Autor Id="a6">
      <Imię>Remigiusz</Imię>
      <Nazwisko>Mróz</Nazwisko>
      <DataUrodzenia> 1987-01-15 </DataUrodzenia>
      <MiejsceUrodzenia>Polska</MiejsceUrodzenia>
    </Autor>
    <Autor Id="a7">
      <Imię>Joyo</Imię>
      <Nazwisko>Moyes</Nazwisko>
      <DataUrodzenia> 1969-08-04 </DataUrodzenia>
      <MiejsceUrodzenia>Wielka Brytania</MiejsceUrodzenia>
    </Autor>
    <Autor Id="a8">
      <Imię>Kennedy</Imię>
      <Nazwisko>Elle</Nazwisko>
      <DataUrodzenia>1982-01-19</DataUrodzenia>
      <MiejsceUrodzenia>Kanada</MiejsceUrodzenia>
    </Autor>
    <Autor Id="a9">
      <Imię>Meghan</Imię>
      <Nazwisko>March</Nazwisko>
      <DataUrodzenia> 1983-04-15 </DataUrodzenia>
      <MiejsceUrodzenia>USA</MiejsceUrodzenia>
    </Autor>
    <Autor Id="a10">
      <Imię>Henryk</Imię>
      <Nazwisko>Sienkiewicz</Nazwisko>
      <DataUrodzenia> 1846-05-05 </DataUrodzenia>
      <MiejsceUrodzenia>Polska</MiejsceUrodzenia>
    </Autor>
    <Autor Id="a11">
      <Imię>Alexandre</Imię>
      <Nazwisko>Dumas</Nazwisko>
      <DataUrodzenia> 1802-07-24 </DataUrodzenia>
      <MiejsceUrodzenia>Francja</MiejsceUrodzenia>
    </Autor>
    <Autor Id="a12">
      <Imię>Ewa</Imię>
      <Nazwisko>Stachniak</Nazwisko>
      <DataUrodzenia>1952-11-27</DataUrodzenia>
      <MiejsceUrodzenia>Polska</MiejsceUrodzenia>
    </Autor>
  </AutorzyKsiążek>
  <ListaKsiążek>
    <Książka IdKsiążki="k1" Autor="a1" Gatunek="Fantasy">
      <Tytuł>Harry Potter I Czara Ognia</Tytuł>
      <DataWydania> 2000-07-08 </DataWydania>
      <Cena Waluta="USD"> 12.89 </Cena>
      <RodzajOkładki Rodzaj="Twarda" />
    </Książka>
    <Książka IdKsiążki="k2" Autor="a1" Gatunek="Fantasy">
      <Tytuł>Harry Potter I Zakon Feniksa</Tytuł>
      <DataWydania> 2005-01-31 </DataWydania>
      <Cena Waluta="PLN"> 29.99 </Cena>
      <RodzajOkładki Rodzaj="Miękka" />
    </Książka>
    <Książka IdKsiążki="k3" Autor="a2" Gatunek="Fantasy">
      <Tytuł>Malowany Człowiek</Tytuł>
      <DataWydania> 2008-09-01 </DataWydania>
      <Cena Waluta="PLN"> 42.49 </Cena>
      <RodzajOkładki Rodzaj="Twarda" />
    </Książka>
    <Książka IdKsiążki="k4" Autor="a2" Gatunek="Fantasy">
      <Tytuł>Pustynna Włócznia</Tytuł>
      <DataWydania> 2010-03-27 </DataWydania>
      <Cena Waluta="USD"> 12.89 </Cena>
      <RodzajOkładki Rodzaj="Twarda" />
    </Książka>
    <Książka IdKsiążki="k5" Autor="a3" Gatunek="Fantasy">
      <Tytuł>Eragon</Tytuł>
      <DataWydania> 2005-02-13 </DataWydania>
      <Cena Waluta="EUR"> 9.99 </Cena>
      <RodzajOkładki Rodzaj="Miękka" />
    </Książka>
    <Książka IdKsiążki="k6" Autor="a3" Gatunek="Fantasy">
      <Tytuł>Brisingr</Tytuł>
      <DataWydania> 2008-09-20 </DataWydania>
      <Cena Waluta="PLN"> 29.69 </Cena>
      <RodzajOkładki Rodzaj="Twarda" />
    </Książka>
    <Książka IdKsiążki="k7" Autor="a4" Gatunek="Kryminał">
      <Tytuł>Pierwszy śnieg</Tytuł>
      <DataWydania> 2014-06-04 </DataWydania>
      <Cena Waluta="USD"> 13.89 </Cena>
      <RodzajOkładki Rodzaj="Miękka" />
    </Książka>
    <Książka IdKsiążki="k8" Autor="a4" Gatunek="Kryminał">
      <Tytuł>Pragnienie</Tytuł>
      <DataWydania> 2017-03-29 </DataWydania>
      <Cena Waluta="PLN"> 34.00 </Cena>
      <RodzajOkładki Rodzaj="Twarda" />
    </Książka>
    <Książka IdKsiążki="k9" Autor="a5" Gatunek="Kryminał">
      <Tytuł>Księżniczka Z Lodu</Tytuł>
      <DataWydania> 2011-09-07 </DataWydania>
      <Cena Waluta="USD"> 12.89 </Cena>
      <RodzajOkładki Rodzaj="Twarda" />
    </Książka>
    <Książka IdKsiążki="k11" Autor="a7" Gatunek="Obyczajowa">
      <Tytuł>Srebrna Zatoka</Tytuł>
      <DataWydania> 2019-01-16 </DataWydania>
      <Cena Waluta="PLN"> 19.89 </Cena>
      <RodzajOkładki Rodzaj="Miękka" />
    </Książka>
    <Książka IdKsiążki="k12" Autor="a7" Gatunek="Obyczajowa">
      <Tytuł>Zanim się pojawiłeś</Tytuł>
      <DataWydania> 2016-11-09 </DataWydania>
      <Cena Waluta="USD"> 14.19 </Cena>
      <RodzajOkładki Rodzaj="Miękka" />
    </Książka>
    <Książka IdKsiążki="k13" Autor="a8" Gatunek="Obyczajowa">
      <Tytuł>Pościg</Tytuł>
      <DataWydania> 2019-03-04 </DataWydania>
      <Cena Waluta="USD"> 11.79 </Cena>
      <RodzajOkładki Rodzaj="Twarda" />
    </Książka>
    <Książka IdKsiążki="k14" Autor="a8" Gatunek="Obyczajowa">
      <Tytuł>Błąd</Tytuł>
      <DataWydania> 2016-07-04 </DataWydania>
      <Cena Waluta="USD"> 12.89 </Cena>
      <RodzajOkładki Rodzaj="Twarda" />
    </Książka>
    <Książka IdKsiążki="k15" Autor="a9" Gatunek="Obyczajowa">
      <Tytuł>Król bez skrupułów</Tytuł>
      <DataWydania> 2018-02-12 </DataWydania>
      <Cena Waluta="EUR"> 8.59 </Cena>
      <RodzajOkładki Rodzaj="Miękka" />
    </Książka>
    <Książka IdKsiążki="k16" Autor="a9" Gatunek="Obyczajowa">
      <Tytuł>Pod tą maską</Tytuł>
      <DataWydania> 2014-09-23 </DataWydania>
      <Cena Waluta="EUR"> 9.89 </Cena>
      <RodzajOkładki Rodzaj="Twarda" />
    </Książka>
    <Książka IdKsiążki="k17" Autor="a10" Gatunek="Historyczna">
      <Tytuł>Krzyżacy</Tytuł>
      <DataWydania> 2015-07-01 </DataWydania>
      <Cena Waluta="PLN"> 28.79 </Cena>
      <RodzajOkładki Rodzaj="Miękka" />
    </Książka>
    <Książka IdKsiążki="k18" Autor="a10" Gatunek="Historyczna">
      <Tytuł>Pan Wołodyjowski</Tytuł>
      <DataWydania> 2010-04-03 </DataWydania>
      <Cena Waluta="PLN"> 23.88 </Cena>
      <RodzajOkładki Rodzaj="Miękka" />
    </Książka>
    <Książka IdKsiążki="k19" Autor="a11" Gatunek="Historyczna">
      <Tytuł>Trzej muszkieterowie</Tytuł>
      <DataWydania> 2016-02-12 </DataWydania>
      <Cena Waluta="USD"> 11.39 </Cena>
      <RodzajOkładki Rodzaj="Twarda" />
    </Książka>
    <Książka IdKsiążki="k20" Autor="a12" Gatunek="Historyczna">
      <Tytuł>Harry Potter i Czara Ognia</Tytuł>
      <DataWydania> 2013-04-17 </DataWydania>
      <Cena Waluta="PLN"> 28.89 </Cena>
      <RodzajOkładki Rodzaj="Twarda" />
    </Książka>
  </ListaKsiążek>
</Biblioteka>